[{"model": "admin.logentry", "pk": 1, "fields": {"action_time": "2023-06-21T14:21:08.388Z", "user": 1, "content_type": 7, "object_id": "1", "object_repr": "Продавец консультант товаров для животных", "action_flag": 1, "change_message": "[{\"added\": {}}]"}}, {"model": "admin.logentry", "pk": 2, "fields": {"action_time": "2023-06-21T14:23:31.880Z", "user": 1, "content_type": 7, "object_id": "2", "object_repr": "ИТ-специалист", "action_flag": 1, "change_message": "[{\"added\": {}}]"}}, {"model": "admin.logentry", "pk": 3, "fields": {"action_time": "2023-06-23T03:43:01.280Z", "user": 1, "content_type": 8, "object_id": "1", "object_repr": "Сбербанк", "action_flag": 1, "change_message": "[{\"added\": {}}]"}}, {"model": "admin.logentry", "pk": 4, "fields": {"action_time": "2023-06-23T03:47:06.193Z", "user": 1, "content_type": 8, "object_id": "2", "object_repr": "Куликовский", "action_flag": 1, "change_message": "[{\"added\": {}}]"}}, {"model": "admin.logentry", "pk": 5, "fields": {"action_time": "2023-06-23T03:49:59.285Z", "user": 1, "content_type": 9, "object_id": "1", "object_repr": "Сулейманов Данияр", "action_flag": 1, "change_message": "[{\"added\": {}}]"}}, {"model": "admin.logentry", "pk": 6, "fields": {"action_time": "2023-06-23T03:51:13.514Z", "user": 1, "content_type": 9, "object_id": "2", "object_repr": "Абдикеримова Алия", "action_flag": 1, "change_message": "[{\"added\": {}}]"}}, {"model": "admin.logentry", "pk": 7, "fields": {"action_time": "2023-06-23T03:52:27.508Z", "user": 1, "content_type": 9, "object_id": "3", "object_repr": "Апазбеков Алмаз", "action_flag": 1, "change_message": "[{\"added\": {}}]"}}, {"model": "admin.logentry", "pk": 8, "fields": {"action_time": "2023-06-23T04:02:37.032Z", "user": 1, "content_type": 8, "object_id": "3", "object_repr": "Optima Bank", "action_flag": 1, "change_message": "[{\"added\": {}}]"}}, {"model": "admin.logentry", "pk": 9, "fields": {"action_time": "2023-06-26T04:15:56.769Z", "user": 1, "content_type": 4, "object_id": "2", "object_repr": "Nurislam", "action_flag": 1, "change_message": "[{\"added\": {}}]"}}, {"model": "admin.logentry", "pk": 10, "fields": {"action_time": "2023-06-26T04:16:37.857Z", "user": 1, "content_type": 9, "object_id": "4", "object_repr": "Nurislam", "action_flag": 1, "change_message": "[{\"added\": {}}]"}}, {"model": "admin.logentry", "pk": 11, "fields": {"action_time": "2023-06-26T04:41:50.650Z", "user": 1, "content_type": 7, "object_id": "2", "object_repr": "ИТ-специалист", "action_flag": 2, "change_message": "[{\"changed\": {\"fields\": [\"Candidate\"]}}]"}}, {"model": "admin.logentry", "pk": 12, "fields": {"action_time": "2023-06-26T05:17:56.018Z", "user": 1, "content_type": 7, "object_id": "3", "object_repr": "Администратор БД", "action_flag": 1, "change_message": "[{\"added\": {}}]"}}, {"model": "admin.logentry", "pk": 13, "fields": {"action_time": "2023-06-26T05:18:21.930Z", "user": 1, "content_type": 4, "object_id": "3", "object_repr": "Luntik", "action_flag": 1, "change_message": "[{\"added\": {}}]"}}, {"model": "admin.logentry", "pk": 14, "fields": {"action_time": "2023-06-26T05:19:04.530Z", "user": 1, "content_type": 9, "object_id": "5", "object_repr": "Luntik", "action_flag": 1, "change_message": "[{\"added\": {}}]"}}, {"model": "admin.logentry", "pk": 15, "fields": {"action_time": "2023-06-26T05:19:13.763Z", "user": 1, "content_type": 7, "object_id": "3", "object_repr": "Администратор БД", "action_flag": 2, "change_message": "[{\"changed\": {\"fields\": [\"Candidate\"]}}]"}}, {"model": "admin.logentry", "pk": 16, "fields": {"action_time": "2023-06-26T05:34:50.756Z", "user": 1, "content_type": 11, "object_id": "1", "object_repr": "CV object (1)", "action_flag": 1, "change_message": "[{\"added\": {}}]"}}, {"model": "admin.logentry", "pk": 17, "fields": {"action_time": "2023-06-26T05:35:34.988Z", "user": 1, "content_type": 11, "object_id": "1", "object_repr": "Luntik", "action_flag": 2, "change_message": "[{\"changed\": {\"fields\": [\"Name\"]}}]"}}, {"model": "admin.logentry", "pk": 18, "fields": {"action_time": "2023-06-30T02:42:50.893Z", "user": 1, "content_type": 4, "object_id": "4", "object_repr": "Alex", "action_flag": 1, "change_message": "[{\"added\": {}}]"}}, {"model": "admin.logentry", "pk": 19, "fields": {"action_time": "2023-06-30T02:43:15.079Z", "user": 1, "content_type": 9, "object_id": "6", "object_repr": "Alex", "action_flag": 1, "change_message": "[{\"added\": {}}]"}}, {"model": "admin.logentry", "pk": 20, "fields": {"action_time": "2023-06-30T02:43:33.065Z", "user": 1, "content_type": 7, "object_id": "1", "object_repr": "Продавец консультант товаров для животных", "action_flag": 2, "change_message": "[{\"changed\": {\"fields\": [\"Candidate\"]}}]"}}, {"model": "admin.logentry", "pk": 21, "fields": {"action_time": "2023-07-03T11:49:42.249Z", "user": 1, "content_type": 7, "object_id": "4", "object_repr": "QA Engineer", "action_flag": 1, "change_message": "[{\"added\": {}}]"}}, {"model": "admin.logentry", "pk": 22, "fields": {"action_time": "2023-07-03T12:56:14.008Z", "user": 1, "content_type": 9, "object_id": "7", "object_repr": "Admin", "action_flag": 1, "change_message": "[{\"added\": {}}]"}}, {"model": "admin.logentry", "pk": 23, "fields": {"action_time": "2023-07-06T05:27:13.231Z", "user": 1, "content_type": 13, "object_id": "5", "object_repr": "project manager", "action_flag": 1, "change_message": "[{\"added\": {}}]"}}, {"model": "admin.logentry", "pk": 24, "fields": {"action_time": "2023-07-06T05:28:25.532Z", "user": 1, "content_type": 13, "object_id": "6", "object_repr": "Back-end Developer", "action_flag": 1, "change_message": "[{\"added\": {}}]"}}, {"model": "admin.logentry", "pk": 25, "fields": {"action_time": "2023-07-07T12:06:16.617Z", "user": 1, "content_type": 8, "object_id": "3", "object_repr": "Optima Bank", "action_flag": 2, "change_message": "[{\"changed\": {\"fields\": [\"Employee\"]}}]"}}, {"model": "admin.logentry", "pk": 26, "fields": {"action_time": "2023-07-09T12:47:30.161Z", "user": 1, "content_type": 7, "object_id": "8", "object_repr": "middle JS", "action_flag": 2, "change_message": "[]"}}, {"model": "admin.logentry", "pk": 27, "fields": {"action_time": "2023-07-09T13:33:33.588Z", "user": 1, "content_type": 4, "object_id": "1", "object_repr": "admin", "action_flag": 2, "change_message": "[{\"changed\": {\"fields\": [\"Superuser status\"]}}]"}}, {"model": "admin.logentry", "pk": 28, "fields": {"action_time": "2023-07-09T13:36:46.687Z", "user": 5, "content_type": 4, "object_id": "1", "object_repr": "admin", "action_flag": 2, "change_message": "[{\"changed\": {\"fields\": [\"Superuser status\"]}}]"}}, {"model": "admin.logentry", "pk": 29, "fields": {"action_time": "2023-07-11T13:38:03.067Z", "user": 5, "content_type": 4, "object_id": "5", "object_repr": "admin1", "action_flag": 2, "change_message": "[{\"changed\": {\"fields\": [\"Superuser status\"]}}]"}}, {"model": "admin.logentry", "pk": 30, "fields": {"action_time": "2023-07-11T13:39:10.770Z", "user": 1, "content_type": 4, "object_id": "5", "object_repr": "admin1", "action_flag": 2, "change_message": "[{\"changed\": {\"fields\": [\"Superuser status\"]}}]"}}, {"model": "admin.logentry", "pk": 31, "fields": {"action_time": "2023-07-14T14:04:18.081Z", "user": 1, "content_type": 13, "object_id": "5", "object_repr": "project manager", "action_flag": 2, "change_message": "[{\"changed\": {\"fields\": [\"\\u0424\\u043e\\u0442\\u043e \\u0441\\u043e\\u0442\\u0440\\u0443\\u0434\\u043d\\u0438\\u043a\\u0430\"]}}]"}}, {"model": "admin.logentry", "pk": 32, "fields": {"action_time": "2023-07-26T13:57:41.496Z", "user": 1, "content_type": 15, "object_id": "1", "object_repr": "Recruiter object (1)", "action_flag": 1, "change_message": "[{\"added\": {}}]"}}, {"model": "auth.permission", "pk": 1, "fields": {"name": "Can add log entry", "content_type": 1, "codename": "add_logentry"}}, {"model": "auth.permission", "pk": 2, "fields": {"name": "Can change log entry", "content_type": 1, "codename": "change_logentry"}}, {"model": "auth.permission", "pk": 3, "fields": {"name": "Can delete log entry", "content_type": 1, "codename": "delete_logentry"}}, {"model": "auth.permission", "pk": 4, "fields": {"name": "Can view log entry", "content_type": 1, "codename": "view_logentry"}}, {"model": "auth.permission", "pk": 5, "fields": {"name": "Can add permission", "content_type": 2, "codename": "add_permission"}}, {"model": "auth.permission", "pk": 6, "fields": {"name": "Can change permission", "content_type": 2, "codename": "change_permission"}}, {"model": "auth.permission", "pk": 7, "fields": {"name": "Can delete permission", "content_type": 2, "codename": "delete_permission"}}, {"model": "auth.permission", "pk": 8, "fields": {"name": "Can view permission", "content_type": 2, "codename": "view_permission"}}, {"model": "auth.permission", "pk": 9, "fields": {"name": "Can add group", "content_type": 3, "codename": "add_group"}}, {"model": "auth.permission", "pk": 10, "fields": {"name": "Can change group", "content_type": 3, "codename": "change_group"}}, {"model": "auth.permission", "pk": 11, "fields": {"name": "Can delete group", "content_type": 3, "codename": "delete_group"}}, {"model": "auth.permission", "pk": 12, "fields": {"name": "Can view group", "content_type": 3, "codename": "view_group"}}, {"model": "auth.permission", "pk": 13, "fields": {"name": "Can add user", "content_type": 4, "codename": "add_user"}}, {"model": "auth.permission", "pk": 14, "fields": {"name": "Can change user", "content_type": 4, "codename": "change_user"}}, {"model": "auth.permission", "pk": 15, "fields": {"name": "Can delete user", "content_type": 4, "codename": "delete_user"}}, {"model": "auth.permission", "pk": 16, "fields": {"name": "Can view user", "content_type": 4, "codename": "view_user"}}, {"model": "auth.permission", "pk": 17, "fields": {"name": "Can add content type", "content_type": 5, "codename": "add_contenttype"}}, {"model": "auth.permission", "pk": 18, "fields": {"name": "Can change content type", "content_type": 5, "codename": "change_contenttype"}}, {"model": "auth.permission", "pk": 19, "fields": {"name": "Can delete content type", "content_type": 5, "codename": "delete_contenttype"}}, {"model": "auth.permission", "pk": 20, "fields": {"name": "Can view content type", "content_type": 5, "codename": "view_contenttype"}}, {"model": "auth.permission", "pk": 21, "fields": {"name": "Can add session", "content_type": 6, "codename": "add_session"}}, {"model": "auth.permission", "pk": 22, "fields": {"name": "Can change session", "content_type": 6, "codename": "change_session"}}, {"model": "auth.permission", "pk": 23, "fields": {"name": "Can delete session", "content_type": 6, "codename": "delete_session"}}, {"model": "auth.permission", "pk": 24, "fields": {"name": "Can view session", "content_type": 6, "codename": "view_session"}}, {"model": "auth.permission", "pk": 25, "fields": {"name": "Can add vacancy", "content_type": 7, "codename": "add_vacancy"}}, {"model": "auth.permission", "pk": 26, "fields": {"name": "Can change vacancy", "content_type": 7, "codename": "change_vacancy"}}, {"model": "auth.permission", "pk": 27, "fields": {"name": "Can delete vacancy", "content_type": 7, "codename": "delete_vacancy"}}, {"model": "auth.permission", "pk": 28, "fields": {"name": "Can view vacancy", "content_type": 7, "codename": "view_vacancy"}}, {"model": "auth.permission", "pk": 29, "fields": {"name": "Can add company", "content_type": 8, "codename": "add_company"}}, {"model": "auth.permission", "pk": 30, "fields": {"name": "Can change company", "content_type": 8, "codename": "change_company"}}, {"model": "auth.permission", "pk": 31, "fields": {"name": "Can delete company", "content_type": 8, "codename": "delete_company"}}, {"model": "auth.permission", "pk": 32, "fields": {"name": "Can view company", "content_type": 8, "codename": "view_company"}}, {"model": "auth.permission", "pk": 33, "fields": {"name": "Can add worker", "content_type": 9, "codename": "add_worker"}}, {"model": "auth.permission", "pk": 34, "fields": {"name": "Can change worker", "content_type": 9, "codename": "change_worker"}}, {"model": "auth.permission", "pk": 35, "fields": {"name": "Can delete worker", "content_type": 9, "codename": "delete_worker"}}, {"model": "auth.permission", "pk": 36, "fields": {"name": "Can view worker", "content_type": 9, "codename": "view_worker"}}, {"model": "auth.permission", "pk": 37, "fields": {"name": "Can add comment", "content_type": 10, "codename": "add_comment"}}, {"model": "auth.permission", "pk": 38, "fields": {"name": "Can change comment", "content_type": 10, "codename": "change_comment"}}, {"model": "auth.permission", "pk": 39, "fields": {"name": "Can delete comment", "content_type": 10, "codename": "delete_comment"}}, {"model": "auth.permission", "pk": 40, "fields": {"name": "Can view comment", "content_type": 10, "codename": "view_comment"}}, {"model": "auth.permission", "pk": 41, "fields": {"name": "Can add cv", "content_type": 11, "codename": "add_cv"}}, {"model": "auth.permission", "pk": 42, "fields": {"name": "Can change cv", "content_type": 11, "codename": "change_cv"}}, {"model": "auth.permission", "pk": 43, "fields": {"name": "Can delete cv", "content_type": 11, "codename": "delete_cv"}}, {"model": "auth.permission", "pk": 44, "fields": {"name": "Can view cv", "content_type": 11, "codename": "view_cv"}}, {"model": "auth.permission", "pk": 45, "fields": {"name": "Can add category", "content_type": 12, "codename": "add_category"}}, {"model": "auth.permission", "pk": 46, "fields": {"name": "Can change category", "content_type": 12, "codename": "change_category"}}, {"model": "auth.permission", "pk": 47, "fields": {"name": "Can delete category", "content_type": 12, "codename": "delete_category"}}, {"model": "auth.permission", "pk": 48, "fields": {"name": "Can view category", "content_type": 12, "codename": "view_category"}}, {"model": "auth.permission", "pk": 49, "fields": {"name": "Can add resume", "content_type": 13, "codename": "add_resume"}}, {"model": "auth.permission", "pk": 50, "fields": {"name": "Can change resume", "content_type": 13, "codename": "change_resume"}}, {"model": "auth.permission", "pk": 51, "fields": {"name": "Can delete resume", "content_type": 13, "codename": "delete_resume"}}, {"model": "auth.permission", "pk": 52, "fields": {"name": "Can view resume", "content_type": 13, "codename": "view_resume"}}, {"model": "auth.permission", "pk": 53, "fields": {"name": "Can add skill", "content_type": 14, "codename": "add_skill"}}, {"model": "auth.permission", "pk": 54, "fields": {"name": "Can change skill", "content_type": 14, "codename": "change_skill"}}, {"model": "auth.permission", "pk": 55, "fields": {"name": "Can delete skill", "content_type": 14, "codename": "delete_skill"}}, {"model": "auth.permission", "pk": 56, "fields": {"name": "Can view skill", "content_type": 14, "codename": "view_skill"}}, {"model": "auth.permission", "pk": 57, "fields": {"name": "Can add recruiter", "content_type": 15, "codename": "add_recruiter"}}, {"model": "auth.permission", "pk": 58, "fields": {"name": "Can change recruiter", "content_type": 15, "codename": "change_recruiter"}}, {"model": "auth.permission", "pk": 59, "fields": {"name": "Can delete recruiter", "content_type": 15, "codename": "delete_recruiter"}}, {"model": "auth.permission", "pk": 60, "fields": {"name": "Can view recruiter", "content_type": 15, "codename": "view_recruiter"}}, {"model": "auth.user", "pk": 1, "fields": {"password": "pbkdf2_sha256$600000$9jgEPBzMQd8oEKPh3MaNnx$iyfwUQ/xyDFRNNLaBgdWNsiDwbJR/nFy6p3cbmDvQQA=", "last_login": "2023-07-30T15:15:35.601Z", "is_superuser": true, "username": "admin", "first_name": "", "last_name": "", "email": "", "is_staff": true, "is_active": true, "date_joined": "2023-06-16T14:25:16Z", "groups": [], "user_permissions": []}}, {"model": "auth.user", "pk": 2, "fields": {"password": "pbkdf2_sha256$600000$X58U4W6njfIhmXnQ2BrDF7$kmJI4mSMsnlc/AeA3Wrd0MHx6QFSCKL92DRseQJKJjk=", "last_login": null, "is_superuser": false, "username": "Nurislam", "first_name": "", "last_name": "", "email": "", "is_staff": false, "is_active": true, "date_joined": "2023-06-26T04:15:55.021Z", "groups": [], "user_permissions": []}}, {"model": "auth.user", "pk": 3, "fields": {"password": "pbkdf2_sha256$600000$9v7cVBjZQWZnnFt25w51r2$h8ePGwW1W6C9OHlZNO8qP6onBqK5jhjJUO7e4/qCVJM=", "last_login": null, "is_superuser": false, "username": "Luntik", "first_name": "", "last_name": "", "email": "", "is_staff": false, "is_active": true, "date_joined": "2023-06-26T05:18:20.973Z", "groups": [], "user_permissions": []}}, {"model": "auth.user", "pk": 4, "fields": {"password": "pbkdf2_sha256$600000$DQlf9rwpM9fIlhKFQ0BwXh$HzjsdXbJQdazvYoXid9VHk816DGh42QlC+Ysrbu7JIs=", "last_login": null, "is_superuser": false, "username": "Alex", "first_name": "", "last_name": "", "email": "", "is_staff": false, "is_active": true, "date_joined": "2023-06-30T02:42:50.522Z", "groups": [], "user_permissions": []}}, {"model": "auth.user", "pk": 5, "fields": {"password": "pbkdf2_sha256$600000$i6pQVEsaQcJhDkxJ1jVHpA$/+rLtBRdYmxcdabq6nA4vbmpQIYu5fyadAqWpeD84QQ=", "last_login": "2023-07-09T13:36:30Z", "is_superuser": true, "username": "admin1", "first_name": "", "last_name": "", "email": "", "is_staff": true, "is_active": true, "date_joined": "2023-07-09T13:36:07Z", "groups": [], "user_permissions": []}}, {"model": "auth.user", "pk": 6, "fields": {"password": "pbkdf2_sha256$600000$QHz7XwbCdRHvrAJMPGw3kq$x7FIphZfg/tf34lIt9ReDlLHNZOp1Mc61KXYhkLDkGg=", "last_login": null, "is_superuser": false, "username": "Eva", "first_name": "", "last_name": "", "email": "", "is_staff": false, "is_active": true, "date_joined": "2023-07-14T08:35:41.285Z", "groups": [], "user_permissions": []}}, {"model": "sessions.session", "pk": "4t24wyxoyqkns8awmkn7ll8zhcd25w3h", "fields": {"session_data": ".eJxVjDsOwjAQBe_iGll4_cGmpOcM1q53jQMokeKkQtwdIqWA9s3Me6mM69Ly2mXOA6uzMurwuxGWh4wb4DuOt0mXaVzmgfSm6J12fZ1Ynpfd_Tto2Nu3dmBdSNWSD5WNQUDwHASMSUxCydvTEWJFEghBXKyRWJIRl0olsF69P9mCOAg:1qKxB7:H1dlFdIkSszPQ0Uniym_-6pvMsKRMaDRnxqf_XaKkYg", "expire_date": "2023-07-30T08:32:29.357Z"}}, {"model": "sessions.session", "pk": "9u5pcv7bfo81dzomg96ipaqjgz8q9fsl", "fields": {"session_data": ".eJxVjDsOwjAQBe_iGll4_cGmpOcM1q53jQMokeKkQtwdIqWA9s3Me6mM69Ly2mXOA6uzMurwuxGWh4wb4DuOt0mXaVzmgfSm6J12fZ1Ynpfd_Tto2Nu3dmBdSNWSD5WNQUDwHASMSUxCydvTEWJFEghBXKyRWJIRl0olsF69P9mCOAg:1qAASc:1NbwvrQjA2IyleAKwHkz6VqQz5uOSzV5yMfv8MzgcU4", "expire_date": "2023-06-30T14:29:58.705Z"}}, {"model": "sessions.session", "pk": "m5rudxmo10yty1s7ke0glp38y2ym9lgg", "fields": {"session_data": ".eJxVjDsOwjAQBe_iGll4_cGmpOcM1q53jQMokeKkQtwdIqWA9s3Me6mM69Ly2mXOA6uzMurwuxGWh4wb4DuOt0mXaVzmgfSm6J12fZ1Ynpfd_Tto2Nu3dmBdSNWSD5WNQUDwHASMSUxCydvTEWJFEghBXKyRWJIRl0olsF69P9mCOAg:1qQ88t:1r8wQ10i5VFTH5ZZlicy_8XpmJiEJLDxHUOdIL4aN-8", "expire_date": "2023-08-13T15:15:35.607Z"}}, {"model": "sessions.session", "pk": "v842w4q74mav4uuad8pmkdsb4zx5dkwm", "fields": {"session_data": ".eJxVjDsOwjAQBe_iGll4_cGmpOcM1q53jQMokeKkQtwdIqWA9s3Me6mM69Ly2mXOA6uzMurwuxGWh4wb4DuOt0mXaVzmgfSm6J12fZ1Ynpfd_Tto2Nu3dmBdSNWSD5WNQUDwHASMSUxCydvTEWJFEghBXKyRWJIRl0olsF69P9mCOAg:1qKFm2:qGxjT81i1ovnbKUhBqkPAffOyr3EWW3oJvoFxjkRR8U", "expire_date": "2023-07-28T10:11:42.328Z"}}, {"model": "core.vacancy", "pk": 1, "fields": {"title": "Продавец консультант товаров для животных", "salary": 35000, "description": "Обязанности:\r\nГрамотное консультирование, рассчёт при продаже, повышение своих навыков и знаний в области товаров для животных\r\nПоддержание порядка в торговом зале, уход за животными (если они имеются в магазине)\r\nТребования:\r\nКоммуникабельность, обучаемость, целеустремлённость.\r\nЛюбовь к животным, умение и желание работать в коллективе.\r\nУсловия:\r\nУдобный график\r\nРабота в коллективе", "work_experience": null, "type_of_employement": "f", "is_relevant": true, "email": "edinorog@mail.ru", "contacts": "+7 914 158 48 78", "category": null, "candidate": [6], "skill": [], "view_user": []}}, {"model": "core.vacancy", "pk": 2, "fields": {"title": "ИТ-специалист", "salary": 70000, "description": "Обязанности:\r\nОбновление нетиповых конфигураций, исправление ошибок, доработка текущего функционала и реализация нового функционала в конфигурациях (1С:ЗУП, 1С:Страховая Компания КОРП, 1С:Управление IT-отделом);\r\nНепосредственное участие в тестировании разработанного функционала;\r\nСоздание, модификация и обновление существующих расширений, отчетов и обработок 1С;\r\nНаписание технической документации на созданные доработки/разработки;\r\nКонсультирование персонала по работе с существующими и вновь создаваемыми возможностями конфигураций;\r\nАдминистрирование 1С на MS SQL;\r\nРазработка новых и редактирование существующих SQL-скриптов\r\nТребования:\r\nвысшее или среднее образование в области IT и программирования;\r\nЗнание архитектуры и механизмов платформы 1С 8.3;\r\nОпыт разработки в среде 1С Предприятие 8.3 (клиент-серверный режим, управляемые формы, система компоновки данных);\r\nОпыт работы с конфигурациями 1С:ЗУП, 1С:Бухгалтерия;\r\nЗнание ООП;\r\nОпыт работы с MS SQL;\r\nЗнание универсальных механизмов обмена 1С;\r\nЗнание языка запросов 1С;\r\nУмение ориентироваться в чужом коде;\r\nОтветственность, разумная инициативность, умение работать в команде, аналитический склад ума.\r\nУсловия:\r\nОформление по ТК РФ;\r\nРабота в офисе в центре города.", "work_experience": null, "type_of_employement": "f", "is_relevant": true, "email": "medstrah@mail.ru", "contacts": "+7 3022 58 47 63", "category": null, "candidate": [1, 3, 4], "skill": [], "view_user": []}}, {"model": "core.vacancy", "pk": 3, "fields": {"title": "Администратор БД", "salary": 70000, "description": "В связи с расширением штата сотрудников ГП ”Инфоком”, ищем Администратора баз данных\r\n\r\n\r\n\r\nНаша команда реализует масштабные проекты и стремительно развивается, открывая новые горизонты для достижения целей.\r\n\r\nМы предоставляем комфортный офис, гарантируем своевременные выплаты зарплат и полный соцпакет.\r\n\r\n\r\n\r\nКаждый проект это наше детище, которым мы гордимся и приглашаем профессионалов стать одним из участников и внести свой неоценимый вклад в развитие Кыргызстана!\r\n\r\n\r\n\r\nОбязанности:\r\n\r\n- Участвовать в активной поддержке и развитии СУБД реализованной на базе open-source PostgreSQL;\r\n\r\n- Администрировать, обновлять и сопровождать СУБД PostgreSQL;\r\n\r\n- Активно участвовать в проектах миграции данных из различных СУБД;\r\n\r\n- Анализировать производительности работы СУБД, выявлять проблемы и оптимизировать, взаимодействовать с разработчиками СУБД и разработчиками сервисов;\r\n\r\n- Резервное копирование и восстановление данных;\r\n\r\n- Формировать планы проведения регламентных работ, контролировать и анализировать результаты;\r\n\r\n- Разрабатывать и вести техническую документацию.\r\n\r\n\r\n\r\nТребования:\r\n\r\n- Высшее техническое образование;\r\n\r\n- Общий трудовой стаж – не менее 2-х лет;\r\n\r\n- Опыт решения проблем производительности PostgreSQL для критичных систем;\r\n\r\n- Понимание СУБД, PostgreSQL, принципы оптимизации запросов;\r\n\r\n- Понимание специфики СУБД PostgreSQL (партиционирование таблиц, материализованные представления и т.д.);\r\n\r\n- Знание технологий отказоустойчивости и высокой доступности;\r\n\r\n- Английский на уровне чтения документации;\r\n\r\n- Опыт в настройке и поддержке высоконагруженного отказоустойчивого кластера и построения распределенных кластеров БД;\r\n\r\n\r\n\r\nПреимущества:\r\n\r\nСертификация или опыт работы с PostgreSQL, Oracle, MySQL и MSSQL.\r\n\r\nЗнание языков программирования, таких как Python, Java или C#.\r\n\r\n\r\n\r\nМы предлагаем:\r\n\r\nТрудоустройство по ТК КР.\r\n\r\nСтабильная зарплата;\r\n\r\nОплачиваемый отпуск;\r\n\r\nГрафик работы с 5/2 с 9.00 до 18.00;\r\n\r\nОбучение и повышение квалификации за счет компании;\r\n\r\nДружный молодой коллектив;\r\n\r\nТимбилдинги, веселые корпоративы и совместные поездки (на ИК, в горы и тд);\r\n\r\nВозможность перенимать опыт у лучших специалистов нашей компании!\r\n\r\nЗП может варьироваться в зависимости от ожиданий кандидата\r\n\r\nАдрес: Ибраимова 24, здание Учкун", "work_experience": null, "type_of_employement": "f", "is_relevant": true, "email": "hr@infocom.kg", "contacts": "+996 220 042 616", "category": null, "candidate": [4, 5], "skill": [], "view_user": []}}, {"model": "core.vacancy", "pk": 4, "fields": {"title": "QA Engineer", "salary": 40000, "description": "Требования:\r\n\r\n- Образование в сфере IT(высшее, среднеспециальное);\r\n\r\n- Опыт работы от 1 - 2 лет;\r\n\r\n- Аналитические способности;\r\n\r\n- Способность к самообучению;\r\n\r\n- Ответственность и внимательность к деталям;\r\n\r\n- Опыт ручного тестирования (Десктоп приложения, Веб приложения, Мобильные приложения)\r\n\r\n- Понимание и применение на практике различных видов тестирования (функционального, итерационного, регресионного, дымового, нагрузочного и т.д.)\r\n\r\n- Техники тест дизайна\r\n\r\n- Системы треккинна Jira/Favro/Trello\r\n\r\n- Понимание CI/CD\r\n\r\n- Опыт работы с средствами сборки и поставки продуктов\r\n\r\n- Умение пользоваться Git\r\n\r\n- Базовые знания DevTools(Chrome, Safari, FireFox)\r\n\r\n- Базовые знания утилит для мержа, снифферов траффика и тд.\r\n\r\n\r\n\r\nПлюсом будет:\r\n\r\n- Advanced/ Upper Intermediate English;\r\n\r\n- Опыт автоматизированного тестирования (Selenium, Robot Framework, TestComplete).\r\n\r\nили хотябы теоретические познания\r\n\r\n- Опыт работы в области тестирования производительности и стресс-тестирования (например Jmeter).\r\n\r\n- Понимание Rest/SOAP/XML-RPC\r\n\r\n- Опыт тестирования API\r\n\r\n- Написание технической документвции\r\n\r\n- Разработческий бэкграунд\r\n\r\n\r\n\r\nОбязанности:\r\n\r\n- Ручное функциональное тестирование, регрессионное и интеграционное тестирование приложений и сервисов\r\n\r\n- Обеспечение качества продукта на всех этапах разработки.\r\n\r\n- Тестирование верстки на кроссбраузерность и соответствие макетам\r\n\r\n- Разработка тестовых сценариев (тест-планов, тест-кейсов, чек-листов и т.д.), ведение тестоврй документации\r\n\r\n- Внедрение систем автоматизации тестирования совместно с Тимлидом\r\n\r\n\r\nУсловия работы:\r\n\r\n- Работа в комфортабельном офисе или удаленно по соглосованию\r\n\r\n- Полная / частичная занятость\r\n\r\n- Официальное трудоустройство по ТК КР\r\n\r\n- Возможность реализовывать собственные профессиональные амбиции", "work_experience": null, "type_of_employement": "f", "is_relevant": true, "email": "sdtskg@gmail.com", "contacts": "+996 220 042 61", "category": null, "candidate": [], "skill": [], "view_user": []}}, {"model": "core.vacancy", "pk": 5, "fields": {"title": "junior js", "salary": 40000, "description": "", "work_experience": null, "type_of_employement": "f", "is_relevant": true, "email": "test@tr.com", "contacts": "1245833156", "category": null, "candidate": [], "skill": [], "view_user": []}}, {"model": "core.vacancy", "pk": 6, "fields": {"title": "junior js intern", "salary": 50000, "description": "fghddghndufikn n", "work_experience": null, "type_of_employement": "f", "is_relevant": true, "email": "test@tr.com", "contacts": "1245833156", "category": null, "candidate": [], "skill": [], "view_user": []}}, {"model": "core.vacancy", "pk": 7, "fields": {"title": "senior JS", "salary": 100000, "description": "JS \r\nCSS\r\nHTML", "work_experience": null, "type_of_employement": "f", "is_relevant": true, "email": "test@tr.com", "contacts": "1245833156", "category": null, "candidate": [], "skill": [], "view_user": []}}, {"model": "core.vacancy", "pk": 8, "fields": {"title": "middle JS", "salary": 35000, "description": "ghjvg hgyjbv bbhcfil", "work_experience": null, "type_of_employement": "f", "is_relevant": true, "email": "test@tr.com", "contacts": "1245833156", "category": null, "candidate": [], "skill": [], "view_user": []}}, {"model": "core.vacancy", "pk": 9, "fields": {"title": "project manager", "salary": 500, "description": "dfdfdf dfdfdfdefadvrtevv", "work_experience": null, "type_of_employement": "f", "is_relevant": true, "email": "test@tr.com", "contacts": "1245833156", "category": null, "candidate": [], "skill": [], "view_user": []}}, {"model": "core.vacancy", "pk": 10, "fields": {"title": "project manager", "salary": 300, "description": "", "work_experience": null, "type_of_employement": "f", "is_relevant": true, "email": "", "contacts": "", "category": null, "candidate": [], "skill": [], "view_user": []}}, {"model": "core.vacancy", "pk": 11, "fields": {"title": "front end", "salary": 500, "description": "ghlhjvb    gullllllkhb vcugj", "work_experience": null, "type_of_employement": "f", "is_relevant": true, "email": "test@tr.com", "contacts": "1245833156", "category": null, "candidate": [], "skill": [], "view_user": []}}, {"model": "core.vacancy", "pk": 12, "fields": {"title": "Data scientist", "salary": 600, "description": "Lorem ipsum", "work_experience": null, "type_of_employement": "f", "is_relevant": true, "email": "data@gmail.com", "contacts": "89456123456", "category": null, "candidate": [], "skill": [], "view_user": []}}, {"model": "core.company", "pk": 1, "fields": {"title": "Сбербанк", "founding_date": null, "address": "Россия, Москва, 117312, ул. Вавилова, д. 19", "number_of_employees": 281000, "is_hunting": true, "employee": []}}, {"model": "core.company", "pk": 2, "fields": {"title": "Куликовский", "founding_date": null, "address": "Кыргызстан, г. Бишкек, ул. ​Алма-Атинская д. 2", "number_of_employees": 1501, "is_hunting": true, "employee": []}}, {"model": "core.company", "pk": 3, "fields": {"title": "Optima Bank", "founding_date": null, "address": "Кыргызстан, г. Бишкек, пр. Жибек Жолу, д. 493", "number_of_employees": 1300, "is_hunting": false, "employee": [7]}}, {"model": "core.company", "pk": 4, "fields": {"title": "META", "founding_date": null, "address": "USA", "number_of_employees": 9000, "is_hunting": true, "employee": []}}, {"model": "worker.worker", "pk": 1, "fields": {"user": null, "name": "Сулейманов Данияр", "specialization": "Системный администратор", "salary": 50000, "is_searching": true}}, {"model": "worker.worker", "pk": 2, "fields": {"user": null, "name": "Абдикеримова Алия", "specialization": "Аудитор", "salary": 60000, "is_searching": true}}, {"model": "worker.worker", "pk": 3, "fields": {"user": null, "name": "Апазбеков Алмаз", "specialization": "Веб-разработчик", "salary": 70000, "is_searching": true}}, {"model": "worker.worker", "pk": 4, "fields": {"user": 2, "name": "Nurislam", "specialization": "pyhton, html, js, css", "salary": 500, "is_searching": true}}, {"model": "worker.worker", "pk": 5, "fields": {"user": 3, "name": "Luntik", "specialization": "SQl, Postgres, MySQL, python", "salary": 80000, "is_searching": true}}, {"model": "worker.worker", "pk": 6, "fields": {"user": 4, "name": "Alex", "specialization": "Sales", "salary": 40000, "is_searching": true}}, {"model": "worker.worker", "pk": 7, "fields": {"user": 1, "name": "Admin", "specialization": "Administator", "salary": null, "is_searching": false}}, {"model": "worker.resume", "pk": 1, "fields": {"title": "python developer", "education_degree": "magisrt", "age": 30, "experience_years": 7, "previous_employment": "Mbank", "created_at": "2023-07-03T12:56:19.442Z", "profile_photo": "", "worker": 7}}, {"model": "worker.resume", "pk": 2, "fields": {"title": "python developer", "education_degree": "magisrt", "age": 36, "experience_years": 10, "previous_employment": "Mbank", "created_at": "2023-07-03T13:20:03.169Z", "profile_photo": "", "worker": 7}}, {"model": "worker.resume", "pk": 3, "fields": {"title": "junior js", "education_degree": "courses", "age": 18, "experience_years": 0, "previous_employment": "-", "created_at": "2023-07-05T13:37:55.869Z", "profile_photo": "", "worker": 7}}, {"model": "worker.resume", "pk": 4, "fields": {"title": "junior js", "education_degree": "magisrt", "age": 80, "experience_years": 41, "previous_employment": "logistique", "created_at": "2023-07-05T14:28:17.315Z", "profile_photo": "", "worker": 7}}, {"model": "worker.resume", "pk": 5, "fields": {"title": "project manager", "education_degree": "bachelor", "age": 22, "experience_years": 1, "previous_employment": "codify", "created_at": "2023-07-06T05:27:13.229Z", "profile_photo": "profile_photo/images.jfif", "worker": 5}}, {"model": "worker.resume", "pk": 6, "fields": {"title": "Back-end Developer", "education_degree": "bachelor", "age": 25, "experience_years": 3, "previous_employment": "Bakai Bank", "created_at": "2023-07-06T05:28:25.532Z", "profile_photo": "", "worker": 2}}, {"model": "worker.resume", "pk": 7, "fields": {"title": "Game dev", "education_degree": "bachelor", "age": 25, "experience_years": 2, "previous_employment": "blizzard", "created_at": "2023-07-07T10:34:10.592Z", "profile_photo": "", "worker": 4}}, {"model": "worker.resume", "pk": 8, "fields": {"title": "QA Engineer", "education_degree": "bachelor", "age": 22, "experience_years": 1, "previous_employment": "bank", "created_at": "2023-07-07T10:40:41.428Z", "profile_photo": "", "worker": 6}}, {"model": "recruit.recruiter", "pk": 1, "fields": {"user": 6, "city": "Чита", "country": "Россия", "payment_for_found": 51, "bonus_percent": "5.5"}}, {"model": "recruit.recruiter", "pk": 2, "fields": {"user": 3, "city": "Питер", "country": "Россия", "payment_for_found": 11, "bonus_percent": "0.7"}}, {"model": "recruit.recruiter", "pk": 3, "fields": {"user": 2, "city": "London", "country": "UK", "payment_for_found": 21, "bonus_percent": "8.9"}}, {"model": "recruit.recruiter", "pk": 4, "fields": {"user": 4, "city": "London", "country": "UK", "payment_for_found": 51, "bonus_percent": "8.9"}}]